,cinema_name,15_total_route,15_total_duration,15_walk_to,15_walk_from,15_total_changes,18_total_route,18_total_duration,18_walk_to,18_walk_from,18_total_changes,21_total_route,21_total_duration,21_walk_to,21_walk_from,21_total_changes,car_duration,foot_duration,area,start_location,distance_start_centroid,distance_start_cinema,geometry,average duration,15_speed,18_speed,21_speed,average speed,average duration difference to car,15_fastest_mode,15_trip_duration,15_fastest_overall_mode,15_transit_dur,15_walk_share,18_fastest_mode,18_trip_duration,18_fastest_overall_mode,18_transit_dur,18_walk_share,21_fastest_mode,21_trip_duration,21_fastest_overall_mode,21_transit_dur,21_walk_share,average transit duration,average walk share,population,level,level_dummy,cinemas,population aggr,population density,built-up area,transit departures,transit stops,osm_cinemas,average changes,area average changes
0,Kino Breitwand Schloss Seefeld,no routes possible to this cinema,,,,,no routes possible to this cinema,,,,,no routes possible to this cinema,,,,,159.3,1082.4,Seefeld,POINT (11.19463715 48.036521150000006),685015.9778903382,949.2214729445408,,,,,,,,foot,1082.4,car,,,foot,1082.4,car,,,foot,1082.4,car,,,,,931,base,1,1,7694,220.77,12.83,1562.0,24.0,1,,
1,Kino Breitwand Schloss Seefeld,no routes possible to this cinema,,,,,no routes possible to this cinema,,,,,no routes possible to this cinema,,,,,141.6,1325.1,Seefeld,POINT (11.19008685 48.0398516),684595.2971455914,1449.5075513500058,,,,,,,,foot,1325.1,car,,,foot,1325.1,car,,,foot,1325.1,car,,,,,931,base,1,1,7694,220.77,12.83,1562.0,24.0,1,,
2,Kino Breitwand Schloss Seefeld,no routes possible to this cinema,,,,,no routes possible to this cinema,,,,,no routes possible to this cinema,,,,,141.9,1061.6,Seefeld,POINT (11.216723572277145 48.03722871353938),685209.0417718362,1169.7887938537324,,,,,,,,foot,1061.6,car,,,foot,1061.6,car,,,foot,1061.6,car,,,,,49,base,1,1,7694,220.77,12.83,1562.0,24.0,1,,
3,Kino Breitwand Schloss Seefeld,no routes possible to this cinema,,,,,no routes possible to this cinema,,,,,no routes possible to this cinema,,,,,251.0,2167.3,Seefeld,POINT (11.17650905 48.0416296),684235.8685735546,2385.527660296372,,,,,,,,foot,2167.3,car,,,foot,2167.3,car,,,foot,2167.3,car,,,,,668,base,1,1,7694,220.77,12.83,1562.0,24.0,1,,
4,Kino Breitwand Schloss Seefeld,no routes possible to this cinema,,,,,no routes possible to this cinema,,,,,no routes possible to this cinema,,,,,271.6,3497.6,Seefeld,POINT (11.249743476447941 48.02731914697246),686706.1003365585,3419.406112349221,,,,,,,,foot,3497.6,car,,,foot,3497.6,car,,,foot,3497.6,car,,,,,299,base,1,1,7694,220.77,12.83,1562.0,24.0,1,,
5,Kino Breitwand Schloss Seefeld,no routes possible to this cinema,,,,,no routes possible to this cinema,,,,,no routes possible to this cinema,,,,,119.5,1093.2,Seefeld,POINT (11.217883933119174 48.036822350917895),685267.9140954126,1214.834611086383,,,,,,,,foot,1093.2,car,,,foot,1093.2,car,,,foot,1093.2,car,,,,,49,base,1,1,7694,220.77,12.83,1562.0,24.0,1,,
6,Kino Breitwand Schloss Seefeld,no routes possible to this cinema,,,,,no routes possible to this cinema,,,,,no routes possible to this cinema,,,,,253.9,1380.3,Seefeld,POINT (11.218278306726347 48.04040247724383),684880.2218127274,1490.0359512924265,,,,,,,,foot,1380.3,car,,,foot,1380.3,car,,,foot,1380.3,car,,,,,49,base,1,1,7694,220.77,12.83,1562.0,24.0,1,,
7,Kino Breitwand Schloss Seefeld,no routes possible to this cinema,,,,,no routes possible to this cinema,,,,,no routes possible to this cinema,,,,,155.4,1291.4,Seefeld,POINT (11.219941 48.03661325),685316.239148809,1334.9931052839554,,,,,,,,foot,1291.4,car,,,foot,1291.4,car,,,foot,1291.4,car,,,,,49,base,1,1,7694,220.77,12.83,1562.0,24.0,1,,
8,Kino Breitwand Schloss Seefeld,no routes possible to this cinema,,,,,no routes possible to this cinema,,,,,no routes possible to this cinema,,,,,276.4,1619.6,Seefeld,POINT (11.200536311176547 48.04468523317918),684192.5094900379,1558.0562668260643,,,,,,,,foot,1619.6,car,,,foot,1619.6,car,,,foot,1619.6,car,,,,,22,base,1,1,7694,220.77,12.83,1562.0,24.0,1,,
9,Kino Breitwand Schloss Seefeld,no routes possible to this cinema,,,,,no routes possible to this cinema,,,,,no routes possible to this cinema,,,,,262.2,1727.2,Seefeld,POINT (11.185931312124824 48.0342227816611),685162.370356177,1412.1448606587237,,,,,,,,foot,1727.2,car,,,foot,1727.2,car,,,foot,1727.2,car,,,,,668,base,1,1,7694,220.77,12.83,1562.0,24.0,1,,
10,Kino Breitwand Schloss Seefeld,no routes possible to this cinema,,,,,no routes possible to this cinema,,,,,no routes possible to this cinema,,,,,244.6,1470.3,Seefeld,POINT (11.189190485664847 48.034952881816054),685121.7935549082,1207.309091725828,,,,,,,,foot,1470.3,car,,,foot,1470.3,car,,,foot,1470.3,car,,,,,931,base,1,1,7694,220.77,12.83,1562.0,24.0,1,,
11,Kino Breitwand Schloss Seefeld,no routes possible to this cinema,,,,,no routes possible to this cinema,,,,,no routes possible to this cinema,,,,,122.5,972.0,Seefeld,POINT (11.19551725 48.037685899999985),684898.9379675898,995.3004315326034,,,,,,,,foot,972.0,car,,,foot,972.0,car,,,foot,972.0,car,,,,,931,base,1,1,7694,220.77,12.83,1562.0,24.0,1,,
12,Kino Breitwand Schloss Seefeld,no routes possible to this cinema,,,,,no routes possible to this cinema,,,,,no routes possible to this cinema,,,,,138.4,935.2,Seefeld,POINT (11.21017335739118 48.04063079293345),684755.3304747882,1170.987888739604,,,,,,,,foot,935.2,car,,,foot,935.2,car,,,foot,935.2,car,,,,,984,base,1,1,7694,220.77,12.83,1562.0,24.0,1,,
13,Kino Breitwand Schloss Seefeld,no routes possible to this cinema,,,,,no routes possible to this cinema,,,,,no routes possible to this cinema,,,,,181.8,1404.8,Seefeld,POINT (11.215252081507579 48.04150184291066),684722.3356965987,1439.0799596438535,,,,,,,,foot,1404.8,car,,,foot,1404.8,car,,,foot,1404.8,car,,,,,190,base,1,1,7694,220.77,12.83,1562.0,24.0,1,,
14,Kino Breitwand Schloss Seefeld,no routes possible to this cinema,,,,,no routes possible to this cinema,,,,,no routes possible to this cinema,,,,,81.1,334.6,Seefeld,POINT (11.20930598365517 48.0320436987365),685686.3818494148,401.5490512266813,,,,,,,,foot,334.6,car,,,foot,334.6,car,,,foot,334.6,car,,,,,2208,base,1,1,7694,220.77,12.83,1562.0,24.0,1,,
15,Kino Breitwand Schloss Seefeld,no routes possible to this cinema,,,,,no routes possible to this cinema,,,,,no routes possible to this cinema,,,,,400.1,3190.2,Seefeld,POINT (11.2385772 48.054889300000006),683544.4005949782,3699.79775101685,,,,,,,,foot,3190.2,car,,,foot,3190.2,car,,,foot,3190.2,car,,,,,42,base,1,1,7694,220.77,12.83,1562.0,24.0,1,,
16,Kino Breitwand Schloss Seefeld,no routes possible to this cinema,,,,,no routes possible to this cinema,,,,,no routes possible to this cinema,,,,,244.6,1329.0,Seefeld,POINT (11.219271372858737 48.04016451917471),684918.5792463808,1525.0794303768362,,,,,,,,foot,1329.0,car,,,foot,1329.0,car,,,foot,1329.0,car,,,,,49,base,1,1,7694,220.77,12.83,1562.0,24.0,1,,
17,Kino Breitwand Schloss Seefeld,no routes possible to this cinema,,,,,no routes possible to this cinema,,,,,no routes possible to this cinema,,,,,141.9,1270.9,Seefeld,POINT (11.19179695 48.038248949999996),684791.8887279499,1235.1202924751296,,,,,,,,foot,1270.9,car,,,foot,1270.9,car,,,foot,1270.9,car,,,,,931,base,1,1,7694,220.77,12.83,1562.0,24.0,1,,
18,Kino Breitwand Schloss Seefeld,no routes possible to this cinema,,,,,no routes possible to this cinema,,,,,no routes possible to this cinema,,,,,66.6,437.8,Seefeld,POINT (11.210012933799147 48.03286744690984),685604.7215801657,485.83326431879567,,,,,,,,foot,437.8,car,,,foot,437.8,car,,,foot,437.8,car,,,,,984,base,1,1,7694,220.77,12.83,1562.0,24.0,1,,
19,Kino Breitwand Schloss Seefeld,no routes possible to this cinema,,,,,no routes possible to this cinema,,,,,no routes possible to this cinema,,,,,470.2,2141.0,Seefeld,POINT (11.182245733377323 48.0263810001893),685978.1274585495,1712.609508138223,,,,,,,,foot,2141.0,car,,,foot,2141.0,car,,,foot,2141.0,car,,,,,1330,base,1,1,7694,220.77,12.83,1562.0,24.0,1,,
20,Kino Breitwand Schloss Seefeld,no routes possible to this cinema,,,,,no routes possible to this cinema,,,,,no routes possible to this cinema,,,,,355.2,1873.7,Seefeld,POINT (11.206269533739023 48.04756874850179),683946.5289203663,1860.8537999896569,,,,,,,,foot,1873.7,car,,,foot,1873.7,car,,,foot,1873.7,car,,,,,22,base,1,1,7694,220.77,12.83,1562.0,24.0,1,,
21,Kino Breitwand Schloss Seefeld,no routes possible to this cinema,,,,,no routes possible to this cinema,,,,,no routes possible to this cinema,,,,,429.8,1894.0,Seefeld,POINT (11.185346919449236 48.0286741941789),685764.0192095874,1427.703321588372,,,,,,,,foot,1894.0,car,,,foot,1894.0,car,,,foot,1894.0,car,,,,,1330,base,1,1,7694,220.77,12.83,1562.0,24.0,1,,
22,Kino Breitwand Schloss Seefeld,no routes possible to this cinema,,,,,no routes possible to this cinema,,,,,no routes possible to this cinema,,,,,215.6,1455.0,Seefeld,POINT (11.201577060579432 48.04420083655253),684258.3702097202,1492.916189961646,,,,,,,,foot,1455.0,car,,,foot,1455.0,car,,,foot,1455.0,car,,,,,22,base,1,1,7694,220.77,12.83,1562.0,24.0,1,,
23,Kino Breitwand Schloss Seefeld,no routes possible to this cinema,,,,,no routes possible to this cinema,,,,,no routes possible to this cinema,,,,,199.7,1341.3,Seefeld,POINT (11.21749618943424 48.04036418464202),684874.7649566209,1446.444484739697,,,,,,,,foot,1341.3,car,,,foot,1341.3,car,,,foot,1341.3,car,,,,,49,base,1,1,7694,220.77,12.83,1562.0,24.0,1,,
24,Kino Breitwand Schloss Seefeld,no routes possible to this cinema,,,,,no routes possible to this cinema,,,,,no routes possible to this cinema,,,,,322.6,1776.2,Seefeld,POINT (11.20459265 48.046839000000006),684005.982276835,1773.5690722840443,,,,,,,,foot,1776.2,car,,,foot,1776.2,car,,,foot,1776.2,car,,,,,22,base,1,1,7694,220.77,12.83,1562.0,24.0,1,,
25,Kino Breitwand Schloss Seefeld,no routes possible to this cinema,,,,,no routes possible to this cinema,,,,,no routes possible to this cinema,,,,,299.8,2385.6,Seefeld,POINT (11.22324875 48.053464950000006),683509.5519192877,2883.854886779939,,,,,,,,foot,2385.6,car,,,foot,2385.6,car,,,foot,2385.6,car,,,,,70,base,1,1,7694,220.77,12.83,1562.0,24.0,1,,
26,Kino Breitwand Schloss Seefeld,no routes possible to this cinema,,,,,no routes possible to this cinema,,,,,no routes possible to this cinema,,,,,175.7,1395.4,Seefeld,POINT (11.19064485 48.0377331),684834.4700683939,1265.429606871389,,,,,,,,foot,1395.4,car,,,foot,1395.4,car,,,foot,1395.4,car,,,,,931,base,1,1,7694,220.77,12.83,1562.0,24.0,1,,
27,Kino Breitwand Schloss Seefeld,no routes possible to this cinema,,,,,no routes possible to this cinema,,,,,no routes possible to this cinema,,,,,224.2,1569.2,Seefeld,POINT (11.188074116183905 48.03546480235392),685052.0897890391,1305.9833667843975,,,,,,,,foot,1569.2,car,,,foot,1569.2,car,,,foot,1569.2,car,,,,,931,base,1,1,7694,220.77,12.83,1562.0,24.0,1,,
28,Kino Breitwand Schloss Seefeld,no routes possible to this cinema,,,,,no routes possible to this cinema,,,,,no routes possible to this cinema,,,,,209.6,1083.9,Seefeld,POINT (11.21566675 48.0395207),684944.6872087001,1285.1438607673451,,,,,,,,foot,1083.9,car,,,foot,1083.9,car,,,foot,1083.9,car,,,,,49,base,1,1,7694,220.77,12.83,1562.0,24.0,1,,
29,Kino Breitwand Schloss Seefeld,no routes possible to this cinema,,,,,no routes possible to this cinema,,,,,no routes possible to this cinema,,,,,191.9,2052.4,Seefeld,POINT (11.224945801351714 48.02152978351928),687031.9430099413,1864.4279645188008,,,,,,,,foot,2052.4,car,,,foot,2052.4,car,,,foot,2052.4,car,,,,,200,base,1,1,7694,220.77,12.83,1562.0,24.0,1,,
30,Kino Breitwand Schloss Seefeld,no routes possible to this cinema,,,,,no routes possible to this cinema,,,,,no routes possible to this cinema,,,,,133.1,1003.7,Seefeld,POINT (11.195100998360763 48.037399732984525),684925.2557756228,992.335370441696,,,,,,,,foot,1003.7,car,,,foot,1003.7,car,,,foot,1003.7,car,,,,,931,base,1,1,7694,220.77,12.83,1562.0,24.0,1,,
31,Kino Breitwand Schloss Seefeld,no routes possible to this cinema,,,,,no routes possible to this cinema,,,,,no routes possible to this cinema,,,,,277.7,2282.4,Seefeld,POINT (11.2252726479334 48.0526863163528),683620.0350128481,2888.0587050556123,,,,,,,,foot,2282.4,car,,,foot,2282.4,car,,,foot,2282.4,car,,,,,70,base,1,1,7694,220.77,12.83,1562.0,24.0,1,,
32,Kino Breitwand Schloss Seefeld,no routes possible to this cinema,,,,,no routes possible to this cinema,,,,,no routes possible to this cinema,,,,,173.7,1125.5,Seefeld,POINT (11.194034683729402 48.03611440318754),685053.2593654124,955.278875903196,,,,,,,,foot,1125.5,car,,,foot,1125.5,car,,,foot,1125.5,car,,,,,931,base,1,1,7694,220.77,12.83,1562.0,24.0,1,,
33,Kino Breitwand Schloss Seefeld,no routes possible to this cinema,,,,,no routes possible to this cinema,,,,,no routes possible to this cinema,,,,,93.3,808.2,Seefeld,POINT (11.213189783242028 48.03346355053787),685578.3929739197,728.6723487567881,,,,,,,,foot,808.2,car,,,foot,808.2,car,,,foot,808.2,car,,,,,49,base,1,1,7694,220.77,12.83,1562.0,24.0,1,,
34,Kino Breitwand Schloss Seefeld,no routes possible to this cinema,,,,,no routes possible to this cinema,,,,,no routes possible to this cinema,,,,,195.3,1000.4,Seefeld,POINT (11.21416939103352 48.03830311522795),685059.7505979025,1109.8140384533217,,,,,,,,foot,1000.4,car,,,foot,1000.4,car,,,foot,1000.4,car,,,,,49,base,1,1,7694,220.77,12.83,1562.0,24.0,1,,
35,Kino Breitwand Schloss Seefeld,no routes possible to this cinema,,,,,no routes possible to this cinema,,,,,no routes possible to this cinema,,,,,185.5,1443.7,Seefeld,POINT (11.190967916627224 48.03856710004811),684746.9098409954,1304.9405964089617,,,,,,,,foot,1443.7,car,,,foot,1443.7,car,,,foot,1443.7,car,,,,,931,base,1,1,7694,220.77,12.83,1562.0,24.0,1,,
36,Kino Breitwand Schloss Seefeld,no routes possible to this cinema,,,,,no routes possible to this cinema,,,,,no routes possible to this cinema,,,,,179.4,1280.2,Seefeld,POINT (11.217026799190153 48.040064833367325),684901.796301287,1398.2234489852638,,,,,,,,foot,1280.2,car,,,foot,1280.2,car,,,foot,1280.2,car,,,,,49,base,1,1,7694,220.77,12.83,1562.0,24.0,1,,
37,Kino Breitwand Schloss Seefeld,no routes possible to this cinema,,,,,no routes possible to this cinema,,,,,no routes possible to this cinema,,,,,69.9,304.7,Seefeld,POINT (11.2081778 48.032710249999994),685599.4410835549,358.9003417730743,,,,,,,,foot,304.7,car,,,foot,304.7,car,,,foot,304.7,car,,,,,984,base,1,1,7694,220.77,12.83,1562.0,24.0,1,,
38,Kino Breitwand Schloss Seefeld,no routes possible to this cinema,,,,,no routes possible to this cinema,,,,,no routes possible to this cinema,,,,,162.6,1176.3,Seefeld,POINT (11.217212096973185 48.03898341766858),685022.6610243142,1323.17858539099,,,,,,,,foot,1176.3,car,,,foot,1176.3,car,,,foot,1176.3,car,,,,,49,base,1,1,7694,220.77,12.83,1562.0,24.0,1,,
39,Kino Breitwand Schloss Seefeld,no routes possible to this cinema,,,,,no routes possible to this cinema,,,,,no routes possible to this cinema,,,,,46.9,263.0,Seefeld,POINT (11.2055685 48.033214199999996),685512.1914469125,277.79006255321315,,,,,,,,foot,263.0,car,,,foot,263.0,car,,,foot,263.0,car,,,,,984,base,1,1,7694,220.77,12.83,1562.0,24.0,1,,
40,Kino Breitwand Schloss Seefeld,no routes possible to this cinema,,,,,no routes possible to this cinema,,,,,no routes possible to this cinema,,,,,181.1,1313.7,Seefeld,POINT (11.192154779923612 48.04048913212365),684550.5074518459,1395.1593406831507,,,,,,,,foot,1313.7,car,,,foot,1313.7,car,,,foot,1313.7,car,,,,,931,base,1,1,7694,220.77,12.83,1562.0,24.0,1,,
41,Kino Breitwand Schloss Seefeld,no routes possible to this cinema,,,,,no routes possible to this cinema,,,,,no routes possible to this cinema,,,,,168.1,1304.9,Seefeld,POINT (11.21895715 48.03881385),685062.7955705321,1409.4743076013635,,,,,,,,foot,1304.9,car,,,foot,1304.9,car,,,foot,1304.9,car,,,,,49,base,1,1,7694,220.77,12.83,1562.0,24.0,1,,
42,Kino Breitwand Schloss Seefeld,no routes possible to this cinema,,,,,no routes possible to this cinema,,,,,no routes possible to this cinema,,,,,295.4,1676.6,Seefeld,POINT (11.2002431 48.0452914),684122.4405021168,1628.271768785346,,,,,,,,foot,1676.6,car,,,foot,1676.6,car,,,foot,1676.6,car,,,,,22,base,1,1,7694,220.77,12.83,1562.0,24.0,1,,
43,Kino Breitwand Schloss Seefeld,no routes possible to this cinema,,,,,no routes possible to this cinema,,,,,no routes possible to this cinema,,,,,263.2,2012.5,Seefeld,POINT (11.233621499999998 48.03767169999999),685369.8564028217,2319.693486126412,,,,,,,,foot,2012.5,car,,,foot,2012.5,car,,,foot,2012.5,car,,,,,0,base,1,1,7694,220.77,12.83,1562.0,24.0,1,,
44,Kino Breitwand Schloss Seefeld,no routes possible to this cinema,,,,,no routes possible to this cinema,,,,,no routes possible to this cinema,,,,,261.1,2197.5,Seefeld,POINT (11.1759369 48.04170335000001),684220.8778137278,2426.606506624885,,,,,,,,foot,2197.5,car,,,foot,2197.5,car,,,foot,2197.5,car,,,,,668,base,1,1,7694,220.77,12.83,1562.0,24.0,1,,
45,Kino Breitwand Schloss Seefeld,no routes possible to this cinema,,,,,no routes possible to this cinema,,,,,no routes possible to this cinema,,,,,282.9,1657.1,Seefeld,POINT (11.203319337895708 48.04555390165306),684131.3104727226,1631.7835401339123,,,,,,,,foot,1657.1,car,,,foot,1657.1,car,,,foot,1657.1,car,,,,,22,base,1,1,7694,220.77,12.83,1562.0,24.0,1,,
46,Kino Breitwand Schloss Seefeld,no routes possible to this cinema,,,,,no routes possible to this cinema,,,,,no routes possible to this cinema,,,,,173.4,1267.5,Seefeld,POINT (11.19579919542219 48.04213791463003),684414.0457585132,1398.889913114229,,,,,,,,foot,1267.5,car,,,foot,1267.5,car,,,foot,1267.5,car,,,,,100,base,1,1,7694,220.77,12.83,1562.0,24.0,1,,
47,Kino Breitwand Schloss Seefeld,no routes possible to this cinema,,,,,no routes possible to this cinema,,,,,no routes possible to this cinema,,,,,194.4,1123.9,Seefeld,POINT (11.195491455166014 48.03971841835099),684675.6806267158,1177.1575923520102,,,,,,,,foot,1123.9,car,,,foot,1123.9,car,,,foot,1123.9,car,,,,,931,base,1,1,7694,220.77,12.83,1562.0,24.0,1,,
48,Kino Breitwand Schloss Seefeld,no routes possible to this cinema,,,,,no routes possible to this cinema,,,,,no routes possible to this cinema,,,,,318.4,1763.4,Seefeld,POINT (11.2063599949415 48.04642293201212),684073.2965168373,1734.539271002498,,,,,,,,foot,1763.4,car,,,foot,1763.4,car,,,foot,1763.4,car,,,,,22,base,1,1,7694,220.77,12.83,1562.0,24.0,1,,
49,Kino Breitwand Schloss Seefeld,no routes possible to this cinema,,,,,no routes possible to this cinema,,,,,no routes possible to this cinema,,,,,196.6,805.6,Seefeld,POINT (11.211361072961148 48.03832293685503),685023.0167085439,983.8345846399234,,,,,,,,foot,805.6,car,,,foot,805.6,car,,,foot,805.6,car,,,,,984,base,1,1,7694,220.77,12.83,1562.0,24.0,1,,
50,Kino Breitwand Schloss Seefeld,no routes possible to this cinema,,,,,no routes possible to this cinema,,,,,no routes possible to this cinema,,,,,318.9,1959.8,Seefeld,POINT (11.181753844827455 48.03272416833706),685276.2470186264,1686.5756441217604,,,,,,,,foot,1959.8,car,,,foot,1959.8,car,,,foot,1959.8,car,,,,,668,base,1,1,7694,220.77,12.83,1562.0,24.0,1,,
51,Kino Breitwand Schloss Seefeld,no routes possible to this cinema,,,,,no routes possible to this cinema,,,,,no routes possible to this cinema,,,,,213.5,1555.0,Seefeld,POINT (11.188576935541043 48.035683882506994),685034.1565617566,1281.469769906722,,,,,,,,foot,1555.0,car,,,foot,1555.0,car,,,foot,1555.0,car,,,,,931,base,1,1,7694,220.77,12.83,1562.0,24.0,1,,
52,Kino Breitwand Schloss Seefeld,no routes possible to this cinema,,,,,no routes possible to this cinema,,,,,no routes possible to this cinema,,,,,152.2,2036.6,Seefeld,POINT (11.227466916271451 48.02280375109329),686923.4520452194,1954.0736612408712,,,,,,,,foot,2036.6,car,,,foot,2036.6,car,,,foot,2036.6,car,,,,,7,base,1,1,7694,220.77,12.83,1562.0,24.0,1,,
53,Kino Breitwand Schloss Seefeld,no routes possible to this cinema,,,,,no routes possible to this cinema,,,,,no routes possible to this cinema,,,,,221.4,1268.6,Seefeld,POINT (11.192564810764601 48.03452875324511),685209.3118632875,957.6460946165656,,,,,,,,foot,1268.6,car,,,foot,1268.6,car,,,foot,1268.6,car,,,,,931,base,1,1,7694,220.77,12.83,1562.0,24.0,1,,
54,Kino Breitwand Schloss Seefeld,no routes possible to this cinema,,,,,no routes possible to this cinema,,,,,no routes possible to this cinema,,,,,267.4,2216.6,Seefeld,POINT (11.175585885579803 48.04113530654272),684278.9722239207,2419.010683177085,,,,,,,,foot,2216.6,car,,,foot,2216.6,car,,,foot,2216.6,car,,,,,668,base,1,1,7694,220.77,12.83,1562.0,24.0,1,,
55,Kino Breitwand Schloss Seefeld,no routes possible to this cinema,,,,,no routes possible to this cinema,,,,,no routes possible to this cinema,,,,,206.3,1356.8,Seefeld,POINT (11.190695723702971 48.03630015277552),684992.2781475406,1173.2909745716306,,,,,,,,foot,1356.8,car,,,foot,1356.8,car,,,foot,1356.8,car,,,,,931,base,1,1,7694,220.77,12.83,1562.0,24.0,1,,
56,Kino Breitwand Schloss Seefeld,no routes possible to this cinema,,,,,no routes possible to this cinema,,,,,no routes possible to this cinema,,,,,241.0,1619.3,Seefeld,POINT (11.190695340986421 48.017696355186374),687033.1366405486,1779.5383664436515,,,,,,,,foot,1619.3,car,,,foot,1619.3,car,,,foot,1619.3,car,,,,,35,base,1,1,7694,220.77,12.83,1562.0,24.0,1,,
57,Kino Breitwand Schloss Seefeld,no routes possible to this cinema,,,,,no routes possible to this cinema,,,,,no routes possible to this cinema,,,,,234.8,1455.9,Seefeld,POINT (11.217554724053867 48.041174856131086),684786.5975213507,1516.2066892806165,,,,,,,,foot,1455.9,car,,,foot,1455.9,car,,,foot,1455.9,car,,,,,49,base,1,1,7694,220.77,12.83,1562.0,24.0,1,,
58,Kino Breitwand Schloss Seefeld,no routes possible to this cinema,,,,,no routes possible to this cinema,,,,,no routes possible to this cinema,,,,,77.7,355.6,Seefeld,POINT (11.20665140842454 48.03439321651501),685396.1542515024,430.2033267098168,,,,,,,,foot,355.6,car,,,foot,355.6,car,,,foot,355.6,car,,,,,984,base,1,1,7694,220.77,12.83,1562.0,24.0,1,,
59,Kino Breitwand Schloss Seefeld,no routes possible to this cinema,,,,,no routes possible to this cinema,,,,,no routes possible to this cinema,,,,,184.6,1422.1,Seefeld,POINT (11.189800630835972 48.038062941172775),684788.0309037414,1337.807035595033,,,,,,,,foot,1422.1,car,,,foot,1422.1,car,,,foot,1422.1,car,,,,,931,base,1,1,7694,220.77,12.83,1562.0,24.0,1,,
60,Kino Breitwand Schloss Seefeld,no routes possible to this cinema,,,,,no routes possible to this cinema,,,,,no routes possible to this cinema,,,,,224.1,1701.8,Seefeld,POINT (11.184854349851125 48.038592805342645),684669.9070378441,1677.9502783960102,,,,,,,,foot,1701.8,car,,,foot,1701.8,car,,,foot,1701.8,car,,,,,668,base,1,1,7694,220.77,12.83,1562.0,24.0,1,,
61,Kino Breitwand Schloss Seefeld,no routes possible to this cinema,,,,,no routes possible to this cinema,,,,,no routes possible to this cinema,,,,,170.9,2126.7,Seefeld,POINT (11.229253000000002 48.021795399999995),687056.132388996,2124.2880821772187,,,,,,,,foot,2126.7,car,,,foot,2126.7,car,,,foot,2126.7,car,,,,,7,base,1,1,7694,220.77,12.83,1562.0,24.0,1,,
62,Kino Breitwand Schloss Seefeld,no routes possible to this cinema,,,,,no routes possible to this cinema,,,,,no routes possible to this cinema,,,,,234.0,1058.7,Seefeld,POINT (11.213606466581568 48.03947468154609),684924.3477954284,1184.380161550313,,,,,,,,foot,1058.7,car,,,foot,1058.7,car,,,foot,1058.7,car,,,,,49,base,1,1,7694,220.77,12.83,1562.0,24.0,1,,
63,Kino Breitwand Schloss Seefeld,no routes possible to this cinema,,,,,no routes possible to this cinema,,,,,no routes possible to this cinema,,,,,320.9,1770.9,Seefeld,POINT (11.205846967873738 48.04644388911794),684064.7013849375,1733.736806442423,,,,,,,,foot,1770.9,car,,,foot,1770.9,car,,,foot,1770.9,car,,,,,22,base,1,1,7694,220.77,12.83,1562.0,24.0,1,,
64,Kino Breitwand Schloss Seefeld,no routes possible to this cinema,,,,,no routes possible to this cinema,,,,,no routes possible to this cinema,,,,,280.5,1954.0,Seefeld,POINT (11.18215555 48.0340574),685134.8281928631,1681.519781049479,,,,,,,,foot,1954.0,car,,,foot,1954.0,car,,,foot,1954.0,car,,,,,668,base,1,1,7694,220.77,12.83,1562.0,24.0,1,,
65,Kino Breitwand Schloss Seefeld,no routes possible to this cinema,,,,,no routes possible to this cinema,,,,,no routes possible to this cinema,,,,,200.9,1156.3,Seefeld,POINT (11.195870293276782 48.03984381733008),684666.5440616185,1173.6088411496569,,,,,,,,foot,1156.3,car,,,foot,1156.3,car,,,foot,1156.3,car,,,,,931,base,1,1,7694,220.77,12.83,1562.0,24.0,1,,
66,Kino Breitwand Schloss Seefeld,no routes possible to this cinema,,,,,no routes possible to this cinema,,,,,no routes possible to this cinema,,,,,341.0,2016.2,Seefeld,POINT (11.182053349143343 48.031423333112365),685422.5851003235,1652.9453248419177,,,,,,,,foot,2016.2,car,,,foot,2016.2,car,,,foot,2016.2,car,,,,,1330,base,1,1,7694,220.77,12.83,1562.0,24.0,1,,
67,Kino Breitwand Schloss Seefeld,no routes possible to this cinema,,,,,no routes possible to this cinema,,,,,no routes possible to this cinema,,,,,139.6,1243.9,Seefeld,POINT (11.219556506318916 48.03680900661415),685290.0255223283,1320.5692254639166,,,,,,,,foot,1243.9,car,,,foot,1243.9,car,,,foot,1243.9,car,,,,,49,base,1,1,7694,220.77,12.83,1562.0,24.0,1,,
68,Kino Breitwand Schloss Seefeld,no routes possible to this cinema,,,,,no routes possible to this cinema,,,,,no routes possible to this cinema,,,,,93.2,370.5,Seefeld,POINT (11.209646088264753 48.030049671907896),685909.2362699229,416.45896422129454,,,,,,,,foot,370.5,car,,,foot,370.5,car,,,foot,370.5,car,,,,,2208,base,1,1,7694,220.77,12.83,1562.0,24.0,1,,
69,Kino Breitwand Schloss Seefeld,no routes possible to this cinema,,,,,no routes possible to this cinema,,,,,no routes possible to this cinema,,,,,247.5,1672.8,Seefeld,POINT (11.188044683778356 48.03424637761592),685185.3967960166,1261.5212505878108,,,,,,,,foot,1672.8,car,,,foot,1672.8,car,,,foot,1672.8,car,,,,,931,base,1,1,7694,220.77,12.83,1562.0,24.0,1,,
70,Kino Breitwand Schloss Seefeld,no routes possible to this cinema,,,,,no routes possible to this cinema,,,,,no routes possible to this cinema,,,,,67.1,264.3,Seefeld,POINT (11.20809900970375 48.03163320360172),685716.5941999553,302.02136168036924,,,,,,,,foot,264.3,car,,,foot,264.3,car,,,foot,264.3,car,,,,,2208,base,1,1,7694,220.77,12.83,1562.0,24.0,1,,
71,Kino Breitwand Schloss Seefeld,no routes possible to this cinema,,,,,no routes possible to this cinema,,,,,no routes possible to this cinema,,,,,48.3,371.4,Seefeld,POINT (11.209290999999999 48.0332636),685552.4143797859,462.1681261918099,,,,,,,,foot,371.4,car,,,foot,371.4,car,,,foot,371.4,car,,,,,984,base,1,1,7694,220.77,12.83,1562.0,24.0,1,,
72,Kino Breitwand Schloss Seefeld,no routes possible to this cinema,,,,,no routes possible to this cinema,,,,,no routes possible to this cinema,,,,,246.6,1669.9,Seefeld,POINT (11.187729849999998 48.03396965),685211.9367954084,1275.3661196750047,,,,,,,,foot,1669.9,car,,,foot,1669.9,car,,,foot,1669.9,car,,,,,931,base,1,1,7694,220.77,12.83,1562.0,24.0,1,,
73,Kino Breitwand Schloss Seefeld,no routes possible to this cinema,,,,,no routes possible to this cinema,,,,,no routes possible to this cinema,,,,,285.3,1773.9,Seefeld,POINT (11.186513349999998 48.03267869999999),685338.8160853728,1334.1743429341675,,,,,,,,foot,1773.9,car,,,foot,1773.9,car,,,foot,1773.9,car,,,,,151,base,1,1,7694,220.77,12.83,1562.0,24.0,1,,
74,Kino Breitwand Schloss Seefeld,no routes possible to this cinema,,,,,no routes possible to this cinema,,,,,no routes possible to this cinema,,,,,593.1,2509.7,Seefeld,POINT (11.177272916661865 48.02324029699004),686262.7824881483,2181.166425213395,,,,,,,,foot,2509.7,car,,,foot,2509.7,car,,,foot,2509.7,car,,,,,67,base,1,1,7694,220.77,12.83,1562.0,24.0,1,,
75,Kino Breitwand Schloss Seefeld,no routes possible to this cinema,,,,,no routes possible to this cinema,,,,,no routes possible to this cinema,,,,,347.9,1985.2,Seefeld,POINT (11.1815449305193 48.03235236628744),685314.5151339687,1697.5895717189835,,,,,,,,foot,1985.2,car,,,foot,1985.2,car,,,foot,1985.2,car,,,,,1330,base,1,1,7694,220.77,12.83,1562.0,24.0,1,,
76,Kino Breitwand Schloss Seefeld,no routes possible to this cinema,,,,,no routes possible to this cinema,,,,,no routes possible to this cinema,,,,,282.2,2309.4,Seefeld,POINT (11.224772481392264 48.053366791261496),683539.2233292812,2932.151057707823,,,,,,,,foot,2309.4,car,,,foot,2309.4,car,,,foot,2309.4,car,,,,,70,base,1,1,7694,220.77,12.83,1562.0,24.0,1,,
77,Kino Breitwand Schloss Seefeld,no routes possible to this cinema,,,,,no routes possible to this cinema,,,,,no routes possible to this cinema,,,,,245.5,2150.9,Seefeld,POINT (11.176686621150344 48.041033745693355),684303.3863541932,2341.4625294113102,,,,,,,,foot,2150.9,car,,,foot,2150.9,car,,,foot,2150.9,car,,,,,668,base,1,1,7694,220.77,12.83,1562.0,24.0,1,,
78,Kino Breitwand Schloss Seefeld,no routes possible to this cinema,,,,,no routes possible to this cinema,,,,,no routes possible to this cinema,,,,,333.3,2486.2,Seefeld,POINT (11.22219555 48.0530374),683543.36555615,2804.1770282679945,,,,,,,,foot,2486.2,car,,,foot,2486.2,car,,,foot,2486.2,car,,,,,70,base,1,1,7694,220.77,12.83,1562.0,24.0,1,,
79,Kino Breitwand Schloss Seefeld,no routes possible to this cinema,,,,,no routes possible to this cinema,,,,,no routes possible to this cinema,,,,,250.3,1548.1,Seefeld,POINT (11.188706533319246 48.034181000821),685200.5970393246,1212.2491914640093,,,,,,,,foot,1548.1,car,,,foot,1548.1,car,,,foot,1548.1,car,,,,,931,base,1,1,7694,220.77,12.83,1562.0,24.0,1,,
80,Kino Breitwand Schloss Seefeld,no routes possible to this cinema,,,,,no routes possible to this cinema,,,,,no routes possible to this cinema,,,,,104.5,1114.8,Seefeld,POINT (11.217582749999998 48.03614674999999),685338.2787863907,1156.3126281252912,,,,,,,,foot,1114.8,car,,,foot,1114.8,car,,,foot,1114.8,car,,,,,49,base,1,1,7694,220.77,12.83,1562.0,24.0,1,,
81,Kino Breitwand Schloss Seefeld,no routes possible to this cinema,,,,,no routes possible to this cinema,,,,,no routes possible to this cinema,,,,,376.1,1845.4,Seefeld,POINT (11.183968110547504 48.03290277456342),685283.4209240129,1525.57704132412,,,,,,,,foot,1845.4,car,,,foot,1845.4,car,,,foot,1845.4,car,,,,,668,base,1,1,7694,220.77,12.83,1562.0,24.0,1,,
82,Kino Breitwand Schloss Seefeld,no routes possible to this cinema,,,,,no routes possible to this cinema,,,,,no routes possible to this cinema,,,,,251.2,2167.8,Seefeld,POINT (11.176387126976785 48.04112362320419),684289.9134453274,2365.846206675826,,,,,,,,foot,2167.8,car,,,foot,2167.8,car,,,foot,2167.8,car,,,,,668,base,1,1,7694,220.77,12.83,1562.0,24.0,1,,
83,Kino Breitwand Schloss Seefeld,no routes possible to this cinema,,,,,no routes possible to this cinema,,,,,no routes possible to this cinema,,,,,200.9,1203.5,Seefeld,POINT (11.192658999999999 48.03712),684926.2126113921,1105.0166509882563,,,,,,,,foot,1203.5,car,,,foot,1203.5,car,,,foot,1203.5,car,,,,,931,base,1,1,7694,220.77,12.83,1562.0,24.0,1,,
84,Kino Breitwand Schloss Seefeld,no routes possible to this cinema,,,,,no routes possible to this cinema,,,,,no routes possible to this cinema,,,,,344.3,1661.3,Seefeld,POINT (11.188255791454594 48.03095683214405),685548.8301798421,1189.3614822048594,,,,,,,,foot,1661.3,car,,,foot,1661.3,car,,,foot,1661.3,car,,,,,151,base,1,1,7694,220.77,12.83,1562.0,24.0,1,,
85,Kino Breitwand Schloss Seefeld,no routes possible to this cinema,,,,,no routes possible to this cinema,,,,,no routes possible to this cinema,,,,,185.1,1448.2,Seefeld,POINT (11.189118366503008 48.037290850643494),684864.4432038799,1331.187105745759,,,,,,,,foot,1448.2,car,,,foot,1448.2,car,,,foot,1448.2,car,,,,,931,base,1,1,7694,220.77,12.83,1562.0,24.0,1,,
86,Kino Breitwand Schloss Seefeld,no routes possible to this cinema,,,,,no routes possible to this cinema,,,,,no routes possible to this cinema,,,,,191.9,2052.4,Seefeld,POINT (11.225103699999996 48.021512599999994),687035.779194543,1875.272639448444,,,,,,,,foot,2052.4,car,,,foot,2052.4,car,,,foot,2052.4,car,,,,,200,base,1,1,7694,220.77,12.83,1562.0,24.0,1,,
87,Kino Breitwand Schloss Seefeld,no routes possible to this cinema,,,,,no routes possible to this cinema,,,,,no routes possible to this cinema,,,,,53.1,238.3,Seefeld,POINT (11.207222882832344 48.03274885214254),685583.498603695,305.6615987382542,,,,,,,,foot,238.3,car,,,foot,238.3,car,,,foot,238.3,car,,,,,984,base,1,1,7694,220.77,12.83,1562.0,24.0,1,,
88,Kino Breitwand Schloss Seefeld,no routes possible to this cinema,,,,,no routes possible to this cinema,,,,,no routes possible to this cinema,,,,,161.4,1309.3,Seefeld,POINT (11.2202594 48.0370246),685275.0695061514,1377.966305783042,,,,,,,,foot,1309.3,car,,,foot,1309.3,car,,,foot,1309.3,car,,,,,49,base,1,1,7694,220.77,12.83,1562.0,24.0,1,,
89,Kino Breitwand Schloss Seefeld,no routes possible to this cinema,,,,,no routes possible to this cinema,,,,,no routes possible to this cinema,,,,,355.2,1873.8,Seefeld,POINT (11.206342053037007 48.04761957747381),683941.8450644317,1866.9398179785185,,,,,,,,foot,1873.8,car,,,foot,1873.8,car,,,foot,1873.8,car,,,,,22,base,1,1,7694,220.77,12.83,1562.0,24.0,1,,
90,Kino Breitwand Schloss Seefeld,no routes possible to this cinema,,,,,no routes possible to this cinema,,,,,no routes possible to this cinema,,,,,409.2,3354.4,Seefeld,POINT (11.24122242938701 48.05516972469371),683546.792432491,3860.783384446162,,,,,,,,foot,3354.4,car,,,foot,3354.4,car,,,foot,3354.4,car,,,,,18,base,1,1,7694,220.77,12.83,1562.0,24.0,1,,
91,Kino Breitwand Schloss Seefeld,no routes possible to this cinema,,,,,no routes possible to this cinema,,,,,no routes possible to this cinema,,,,,229.4,2195.1,Seefeld,POINT (11.225136012926459 48.05035003771997),683874.4685802455,2667.871670003193,,,,,,,,foot,2195.1,car,,,foot,2195.1,car,,,foot,2195.1,car,,,,,70,base,1,1,7694,220.77,12.83,1562.0,24.0,1,,
92,Kino Breitwand Schloss Seefeld,no routes possible to this cinema,,,,,no routes possible to this cinema,,,,,no routes possible to this cinema,,,,,136.6,1285.0,Seefeld,POINT (11.19254521189267 48.039893332715835),684620.6129495646,1325.892591189452,,,,,,,,foot,1285.0,car,,,foot,1285.0,car,,,foot,1285.0,car,,,,,931,base,1,1,7694,220.77,12.83,1562.0,24.0,1,,
93,Kino Breitwand Schloss Seefeld,no routes possible to this cinema,,,,,no routes possible to this cinema,,,,,no routes possible to this cinema,,,,,155.9,1103.1,Seefeld,POINT (11.195692534425904 48.0231594032102),686494.5072736194,1068.457586356454,,,,,,,,foot,1103.1,car,,,foot,1103.1,car,,,foot,1103.1,car,,,,,35,base,1,1,7694,220.77,12.83,1562.0,24.0,1,,
94,Kino Breitwand Schloss Seefeld,no routes possible to this cinema,,,,,no routes possible to this cinema,,,,,no routes possible to this cinema,,,,,364.7,3777.0,Seefeld,POINT (11.251172628804712 48.02987310396017),686444.1263290452,3504.60761774206,,,,,,,,foot,3777.0,car,,,foot,3777.0,car,,,foot,3777.0,car,,,,,299,base,1,1,7694,220.77,12.83,1562.0,24.0,1,,
95,Kino Breitwand Schloss Seefeld,no routes possible to this cinema,,,,,no routes possible to this cinema,,,,,no routes possible to this cinema,,,,,247.6,1451.2,Seefeld,POINT (11.1893583 48.03460915),685161.5378417654,1181.8064247380316,,,,,,,,foot,1451.2,car,,,foot,1451.2,car,,,foot,1451.2,car,,,,,931,base,1,1,7694,220.77,12.83,1562.0,24.0,1,,
96,Kino Breitwand Schloss Seefeld,no routes possible to this cinema,,,,,no routes possible to this cinema,,,,,no routes possible to this cinema,,,,,282.1,3477.3,Seefeld,POINT (11.250082761630058 48.027950482950985),686641.1621406537,3437.1371008714787,,,,,,,,foot,3477.3,car,,,foot,3477.3,car,,,foot,3477.3,car,,,,,299,base,1,1,7694,220.77,12.83,1562.0,24.0,1,,
97,Kino Breitwand Schloss Seefeld,no routes possible to this cinema,,,,,no routes possible to this cinema,,,,,no routes possible to this cinema,,,,,309.7,1880.2,Seefeld,POINT (11.18280685 48.0336679),685185.4342877893,1625.2810246266542,,,,,,,,foot,1880.2,car,,,foot,1880.2,car,,,foot,1880.2,car,,,,,668,base,1,1,7694,220.77,12.83,1562.0,24.0,1,,
98,Kino Breitwand Schloss Seefeld,no routes possible to this cinema,,,,,no routes possible to this cinema,,,,,no routes possible to this cinema,,,,,154.1,1098.3,Seefeld,POINT (11.2168863 48.03741409999999),685190.7205382941,1191.926526532306,,,,,,,,foot,1098.3,car,,,foot,1098.3,car,,,foot,1098.3,car,,,,,49,base,1,1,7694,220.77,12.83,1562.0,24.0,1,,
99,Kino Breitwand Schloss Seefeld,no routes possible to this cinema,,,,,no routes possible to this cinema,,,,,no routes possible to this cinema,,,,,282.9,2311.7,Seefeld,POINT (11.225020948294677 48.05348693129386),683529.1373221468,2953.237665139576,,,,,,,,foot,2311.7,car,,,foot,2311.7,car,,,foot,2311.7,car,,,,,70,base,1,1,7694,220.77,12.83,1562.0,24.0,1,,
100,Kino Breitwand Schloss Seefeld,no routes possible to this cinema,,,,,no routes possible to this cinema,,,,,no routes possible to this cinema,,,,,663.0,2707.0,Seefeld,POINT (11.184133332727457 48.053918266674),682979.9150682514,2965.6527140245403,,,,,,,,foot,2707.0,car,,,foot,2707.0,car,,,foot,2707.0,car,,,,,97,base,1,1,7694,220.77,12.83,1562.0,24.0,1,,
101,Kino Breitwand Schloss Seefeld,no routes possible to this cinema,,,,,no routes possible to this cinema,,,,,no routes possible to this cinema,,,,,663.0,2707.0,Seefeld,POINT (11.184133332727457 48.053918266674),682979.9150682514,2965.6527140245403,,,,,,,,foot,2707.0,car,,,foot,2707.0,car,,,foot,2707.0,car,,,,,97,base,1,1,7694,220.77,12.83,1562.0,24.0,1,,
102,Kino Breitwand Schloss Seefeld,no routes possible to this cinema,,,,,no routes possible to this cinema,,,,,no routes possible to this cinema,,,,,663.0,2707.0,Seefeld,POINT (11.184133332727457 48.053918266674),682979.9150682514,2965.6527140245403,,,,,,,,foot,2707.0,car,,,foot,2707.0,car,,,foot,2707.0,car,,,,,97,base,1,1,7694,220.77,12.83,1562.0,24.0,1,,
103,Kino Breitwand Schloss Seefeld,no routes possible to this cinema,,,,,no routes possible to this cinema,,,,,no routes possible to this cinema,,,,,663.0,2707.0,Seefeld,POINT (11.184133332727457 48.053918266674),682979.9150682514,2965.6527140245403,,,,,,,,foot,2707.0,car,,,foot,2707.0,car,,,foot,2707.0,car,,,,,97,base,1,1,7694,220.77,12.83,1562.0,24.0,1,,
