,cinema_name,15_total_route,15_total_duration,15_walk_to,15_walk_from,15_total_changes,18_total_route,18_total_duration,18_walk_to,18_walk_from,18_total_changes,21_total_route,21_total_duration,21_walk_to,21_walk_from,21_total_changes,car_duration,foot_duration,area,start_location,distance_start_centroid,distance_start_cinema,geometry,average duration,15_speed,18_speed,21_speed,average speed,average duration difference to car,15_fastest_mode,15_trip_duration,15_fastest_overall_mode,15_transit_dur,15_walk_share,18_fastest_mode,18_trip_duration,18_fastest_overall_mode,18_transit_dur,18_walk_share,21_fastest_mode,21_trip_duration,21_fastest_overall_mode,21_transit_dur,21_walk_share,average transit duration,average walk share,average changes,osm_cinemas,area average changes,level,level_dummy,cinemas,population aggr,population density,built-up area,transit departures,transit stops
0,Kino Kandern,no routes possible to this cinema,,,,,no routes possible to this cinema,,,,,no routes possible to this cinema,,,,,,,Kandern,POINT (7.660318079910983 47.71513692586961),1345.7355478318534,198.39643104115527,,,,,,,,foot,,car,,,foot,,car,,,foot,,car,,,,,,1,,base,1,1,8537,137.12,9.16,556.0,23.0
1,Kino Kandern,no routes possible to this cinema,,,,,no routes possible to this cinema,,,,,no routes possible to this cinema,,,,,,,Kandern,POINT (7.662915468815624 47.712052152369914),1127.0032252669173,258.2773304695405,,,,,,,,foot,,car,,,foot,,car,,,foot,,car,,,,,,1,,base,1,1,8537,137.12,9.16,556.0,23.0
2,Kino Kandern,no routes possible to this cinema,,,,,no routes possible to this cinema,,,,,no routes possible to this cinema,,,,,,,Kandern,POINT (7.673160416519456 47.735344695060924),3787.787326535709,2459.552486319988,,,,,,,,foot,,car,,,foot,,car,,,foot,,car,,,,,,1,,base,1,1,8537,137.12,9.16,556.0,23.0
3,Kino Kandern,no routes possible to this cinema,,,,,no routes possible to this cinema,,,,,no routes possible to this cinema,,,,,,,Kandern,POINT (7.622488527511903 47.695483007764),2560.9234350613647,3676.1278619685913,,,,,,,,foot,,car,,,foot,,car,,,foot,,car,,,,,,1,,base,1,1,8537,137.12,9.16,556.0,23.0
4,Kino Kandern,no routes possible to this cinema,,,,,no routes possible to this cinema,,,,,no routes possible to this cinema,,,,,,,Kandern,POINT (7.621619154690164 47.7018569968771),2465.575215540068,3381.9553552479547,,,,,,,,foot,,car,,,foot,,car,,,foot,,car,,,,,,1,,base,1,1,8537,137.12,9.16,556.0,23.0
5,Kino Kandern,no routes possible to this cinema,,,,,no routes possible to this cinema,,,,,no routes possible to this cinema,,,,,,,Kandern,POINT (7.6110142790323945 47.71131273988433),3360.1336194152896,3892.79142564084,,,,,,,,foot,,car,,,foot,,car,,,foot,,car,,,,,,1,,base,1,1,8537,137.12,9.16,556.0,23.0
6,Kino Kandern,no routes possible to this cinema,,,,,no routes possible to this cinema,,,,,no routes possible to this cinema,,,,,,,Kandern,POINT (7.659639961239744 47.71067427394766),868.8113123846366,470.9972577797765,,,,,,,,foot,,car,,,foot,,car,,,foot,,car,,,,,,1,,base,1,1,8537,137.12,9.16,556.0,23.0
7,Kino Kandern,no routes possible to this cinema,,,,,no routes possible to this cinema,,,,,no routes possible to this cinema,,,,,,,Kandern,POINT (7.668056864635921 47.714063567388926),1542.1266862884522,402.7588590014898,,,,,,,,foot,,car,,,foot,,car,,,foot,,car,,,,,,1,,base,1,1,8537,137.12,9.16,556.0,23.0
8,Kino Kandern,no routes possible to this cinema,,,,,no routes possible to this cinema,,,,,no routes possible to this cinema,,,,,,,Kandern,POINT (7.608229666332432 47.70928679858492),3516.244733022554,4125.787896591364,,,,,,,,foot,,car,,,foot,,car,,,foot,,car,,,,,,1,,base,1,1,8537,137.12,9.16,556.0,23.0
9,Kino Kandern,no routes possible to this cinema,,,,,no routes possible to this cinema,,,,,no routes possible to this cinema,,,,,,,Kandern,POINT (7.656648399999998 47.67003885),3747.3216480871192,4948.671536539639,,,,,,,,foot,,car,,,foot,,car,,,foot,,car,,,,,,1,,base,1,1,8537,137.12,9.16,556.0,23.0
10,Kino Kandern,no routes possible to this cinema,,,,,no routes possible to this cinema,,,,,no routes possible to this cinema,,,,,,,Kandern,POINT (7.628140817748898 47.692726467960924),2316.0829880163774,3537.674081086466,,,,,,,,foot,,car,,,foot,,car,,,foot,,car,,,,,,1,,base,1,1,8537,137.12,9.16,556.0,23.0
11,Kino Kandern,no routes possible to this cinema,,,,,no routes possible to this cinema,,,,,no routes possible to this cinema,,,,,,,Kandern,POINT (7.664715152896772 47.71435393714019),1414.6297587325987,150.63294905240213,,,,,,,,foot,,car,,,foot,,car,,,foot,,car,,,,,,1,,base,1,1,8537,137.12,9.16,556.0,23.0
12,Kino Kandern,no routes possible to this cinema,,,,,no routes possible to this cinema,,,,,no routes possible to this cinema,,,,,,,Kandern,POINT (7.666487050000001 47.67807610000001),2991.73698107504,4044.324719310417,,,,,,,,foot,,car,,,foot,,car,,,foot,,car,,,,,,1,,base,1,1,8537,137.12,9.16,556.0,23.0
13,Kino Kandern,no routes possible to this cinema,,,,,no routes possible to this cinema,,,,,no routes possible to this cinema,,,,,,,Kandern,POINT (7.6538276 47.71303605000001),1036.684849778391,682.4641772386422,,,,,,,,foot,,car,,,foot,,car,,,foot,,car,,,,,,1,,base,1,1,8537,137.12,9.16,556.0,23.0
14,Kino Kandern,no routes possible to this cinema,,,,,no routes possible to this cinema,,,,,no routes possible to this cinema,,,,,,,Kandern,POINT (7.63568382794926 47.69503592176019),1701.6752480793862,2954.6904436152554,,,,,,,,foot,,car,,,foot,,car,,,foot,,car,,,,,,1,,base,1,1,8537,137.12,9.16,556.0,23.0
15,Kino Kandern,no routes possible to this cinema,,,,,no routes possible to this cinema,,,,,no routes possible to this cinema,,,,,,,Kandern,POINT (7.664702831817995 47.713502068746585),1335.9640472263802,178.18165842007437,,,,,,,,foot,,car,,,foot,,car,,,foot,,car,,,,,,1,,base,1,1,8537,137.12,9.16,556.0,23.0
16,Kino Kandern,no routes possible to this cinema,,,,,no routes possible to this cinema,,,,,no routes possible to this cinema,,,,,,,Kandern,POINT (7.670426905786291 47.71231759156222),1538.312100852868,622.4788124097339,,,,,,,,foot,,car,,,foot,,car,,,foot,,car,,,,,,1,,base,1,1,8537,137.12,9.16,556.0,23.0
17,Kino Kandern,no routes possible to this cinema,,,,,no routes possible to this cinema,,,,,no routes possible to this cinema,,,,,,,Kandern,POINT (7.629977428795695 47.693860072036635),2132.793816822762,3350.932115041053,,,,,,,,foot,,car,,,foot,,car,,,foot,,car,,,,,,1,,base,1,1,8537,137.12,9.16,556.0,23.0
18,Kino Kandern,no routes possible to this cinema,,,,,no routes possible to this cinema,,,,,no routes possible to this cinema,,,,,,,Kandern,POINT (7.660907310465932 47.71571624263775),1421.2962333194746,201.43056172216063,,,,,,,,foot,,car,,,foot,,car,,,foot,,car,,,,,,1,,base,1,1,8537,137.12,9.16,556.0,23.0
19,Kino Kandern,no routes possible to this cinema,,,,,no routes possible to this cinema,,,,,no routes possible to this cinema,,,,,,,Kandern,POINT (7.656874669370432 47.71768034294668),1563.5278633551927,571.5754455277296,,,,,,,,foot,,car,,,foot,,car,,,foot,,car,,,,,,1,,base,1,1,8537,137.12,9.16,556.0,23.0
20,Kino Kandern,no routes possible to this cinema,,,,,no routes possible to this cinema,,,,,no routes possible to this cinema,,,,,,,Kandern,POINT (7.674167725059893 47.7127468833518),1793.0775805971664,878.4839111628532,,,,,,,,foot,,car,,,foot,,car,,,foot,,car,,,,,,1,,base,1,1,8537,137.12,9.16,556.0,23.0
21,Kino Kandern,no routes possible to this cinema,,,,,no routes possible to this cinema,,,,,no routes possible to this cinema,,,,,,,Kandern,POINT (7.66079847955228 47.712012690527274),1040.8864240778414,298.745553919381,,,,,,,,foot,,car,,,foot,,car,,,foot,,car,,,,,,1,,base,1,1,8537,137.12,9.16,556.0,23.0
22,Kino Kandern,no routes possible to this cinema,,,,,no routes possible to this cinema,,,,,no routes possible to this cinema,,,,,,,Kandern,POINT (7.6356991123289 47.7170727571925),2040.7616425158567,2048.1167984965955,,,,,,,,foot,,car,,,foot,,car,,,foot,,car,,,,,,1,,base,1,1,8537,137.12,9.16,556.0,23.0
23,Kino Kandern,no routes possible to this cinema,,,,,no routes possible to this cinema,,,,,no routes possible to this cinema,,,,,,,Kandern,POINT (7.657367308088323 47.71434793025671),1203.0206014827345,400.5915829905701,,,,,,,,foot,,car,,,foot,,car,,,foot,,car,,,,,,1,,base,1,1,8537,137.12,9.16,556.0,23.0
24,Kino Kandern,no routes possible to this cinema,,,,,no routes possible to this cinema,,,,,no routes possible to this cinema,,,,,,,Kandern,POINT (7.645615200000001 47.73739985),3801.1187100049374,2862.748941236191,,,,,,,,foot,,car,,,foot,,car,,,foot,,car,,,,,,1,,base,1,1,8537,137.12,9.16,556.0,23.0
25,Kino Kandern,no routes possible to this cinema,,,,,no routes possible to this cinema,,,,,no routes possible to this cinema,,,,,,,Kandern,POINT (7.661632520376413 47.71455725074068),1322.6498355302797,83.22682645500167,,,,,,,,foot,,car,,,foot,,car,,,foot,,car,,,,,,1,,base,1,1,8537,137.12,9.16,556.0,23.0
26,Kino Kandern,no routes possible to this cinema,,,,,no routes possible to this cinema,,,,,no routes possible to this cinema,,,,,,,Kandern,POINT (7.629068662156789 47.696104370449795),2078.0979261845814,3239.248390435176,,,,,,,,foot,,car,,,foot,,car,,,foot,,car,,,,,,1,,base,1,1,8537,137.12,9.16,556.0,23.0
27,Kino Kandern,no routes possible to this cinema,,,,,no routes possible to this cinema,,,,,no routes possible to this cinema,,,,,,,Kandern,POINT (7.669826611126688 47.67565757673742),3327.767649460494,4336.22993615616,,,,,,,,foot,,car,,,foot,,car,,,foot,,car,,,,,,1,,base,1,1,8537,137.12,9.16,556.0,23.0
28,Kino Kandern,no routes possible to this cinema,,,,,no routes possible to this cinema,,,,,no routes possible to this cinema,,,,,,,Kandern,POINT (7.609286489341285 47.709599440950996),3444.638889336976,4042.548645746357,,,,,,,,foot,,car,,,foot,,car,,,foot,,car,,,,,,1,,base,1,1,8537,137.12,9.16,556.0,23.0
29,Kino Kandern,no routes possible to this cinema,,,,,no routes possible to this cinema,,,,,no routes possible to this cinema,,,,,,,Kandern,POINT (7.634757450000002 47.71663455),2055.554212572172,2111.671023488844,,,,,,,,foot,,car,,,foot,,car,,,foot,,car,,,,,,1,,base,1,1,8537,137.12,9.16,556.0,23.0
30,Kino Kandern,no routes possible to this cinema,,,,,no routes possible to this cinema,,,,,no routes possible to this cinema,,,,,,,Kandern,POINT (7.633948824498666 47.71676376103254),2109.239604191808,2173.617266883174,,,,,,,,foot,,car,,,foot,,car,,,foot,,car,,,,,,1,,base,1,1,8537,137.12,9.16,556.0,23.0
31,Kino Kandern,no routes possible to this cinema,,,,,no routes possible to this cinema,,,,,no routes possible to this cinema,,,,,,,Kandern,POINT (7.610829967702156 47.71102960249219),3365.789289193609,3909.440818748476,,,,,,,,foot,,car,,,foot,,car,,,foot,,car,,,,,,1,,base,1,1,8537,137.12,9.16,556.0,23.0
32,Kino Kandern,no routes possible to this cinema,,,,,no routes possible to this cinema,,,,,no routes possible to this cinema,,,,,,,Kandern,POINT (7.637312826298766 47.714815590604395),1777.186221989631,1905.617668460496,,,,,,,,foot,,car,,,foot,,car,,,foot,,car,,,,,,1,,base,1,1,8537,137.12,9.16,556.0,23.0
33,Kino Kandern,no routes possible to this cinema,,,,,no routes possible to this cinema,,,,,no routes possible to this cinema,,,,,,,Kandern,POINT (7.662576667690548 47.71473769159671),1371.2816089840808,41.866669307003,,,,,,,,foot,,car,,,foot,,car,,,foot,,car,,,,,,1,,base,1,1,8537,137.12,9.16,556.0,23.0
34,Kino Kandern,no routes possible to this cinema,,,,,no routes possible to this cinema,,,,,no routes possible to this cinema,,,,,,,Kandern,POINT (7.653816863952543 47.66855711034267),3908.312335376987,5135.962055335755,,,,,,,,foot,,car,,,foot,,car,,,foot,,car,,,,,,1,,base,1,1,8537,137.12,9.16,556.0,23.0
35,Kino Kandern,no routes possible to this cinema,,,,,no routes possible to this cinema,,,,,no routes possible to this cinema,,,,,,,Kandern,POINT (7.652821760238202 47.71611195715769),1382.651661949738,766.3777072425603,,,,,,,,foot,,car,,,foot,,car,,,foot,,car,,,,,,1,,base,1,1,8537,137.12,9.16,556.0,23.0
36,Kino Kandern,no routes possible to this cinema,,,,,no routes possible to this cinema,,,,,no routes possible to this cinema,,,,,,,Kandern,POINT (7.644668150000001 47.737580900000005),3833.780745367144,2913.057331186804,,,,,,,,foot,,car,,,foot,,car,,,foot,,car,,,,,,1,,base,1,1,8537,137.12,9.16,556.0,23.0
37,Kino Kandern,no routes possible to this cinema,,,,,no routes possible to this cinema,,,,,no routes possible to this cinema,,,,,,,Kandern,POINT (7.6753797507495785 47.73559808990942),3878.565926916957,2543.660037215629,,,,,,,,foot,,car,,,foot,,car,,,foot,,car,,,,,,1,,base,1,1,8537,137.12,9.16,556.0,23.0
38,Kino Kandern,no routes possible to this cinema,,,,,no routes possible to this cinema,,,,,no routes possible to this cinema,,,,,,,Kandern,POINT (7.6658464499775905 47.712526201854054),1304.2538592728122,312.2919401528545,,,,,,,,foot,,car,,,foot,,car,,,foot,,car,,,,,,1,,base,1,1,8537,137.12,9.16,556.0,23.0
39,Kino Kandern,no routes possible to this cinema,,,,,no routes possible to this cinema,,,,,no routes possible to this cinema,,,,,,,Kandern,POINT (7.635572768288972 47.714956612343684),1883.7029454264527,2036.545832776,,,,,,,,foot,,car,,,foot,,car,,,foot,,car,,,,,,1,,base,1,1,8537,137.12,9.16,556.0,23.0
40,Kino Kandern,no routes possible to this cinema,,,,,no routes possible to this cinema,,,,,no routes possible to this cinema,,,,,,,Kandern,POINT (7.653445454365785 47.67127775605192),3606.34648268496,4840.197372870338,,,,,,,,foot,,car,,,foot,,car,,,foot,,car,,,,,,1,,base,1,1,8537,137.12,9.16,556.0,23.0
41,Kino Kandern,no routes possible to this cinema,,,,,no routes possible to this cinema,,,,,no routes possible to this cinema,,,,,,,Kandern,POINT (7.626754899999999 47.693242000000005),2376.4629335681225,3576.706121338695,,,,,,,,foot,,car,,,foot,,car,,,foot,,car,,,,,,1,,base,1,1,8537,137.12,9.16,556.0,23.0
42,Kino Kandern,no routes possible to this cinema,,,,,no routes possible to this cinema,,,,,no routes possible to this cinema,,,,,,,Kandern,POINT (7.6228474192696565 47.69500915563397),2555.2811549707826,3684.582893384855,,,,,,,,foot,,car,,,foot,,car,,,foot,,car,,,,,,1,,base,1,1,8537,137.12,9.16,556.0,23.0
43,Kino Kandern,no routes possible to this cinema,,,,,no routes possible to this cinema,,,,,no routes possible to this cinema,,,,,,,Kandern,POINT (7.6704891870943 47.71187867842242),1512.2155698890544,646.1982191751149,,,,,,,,foot,,car,,,foot,,car,,,foot,,car,,,,,,1,,base,1,1,8537,137.12,9.16,556.0,23.0
44,Kino Kandern,no routes possible to this cinema,,,,,no routes possible to this cinema,,,,,no routes possible to this cinema,,,,,,,Kandern,POINT (7.667086291961042 47.71361485801972),1456.5769227243804,339.0905421752556,,,,,,,,foot,,car,,,foot,,car,,,foot,,car,,,,,,1,,base,1,1,8537,137.12,9.16,556.0,23.0
45,Kino Kandern,no routes possible to this cinema,,,,,no routes possible to this cinema,,,,,no routes possible to this cinema,,,,,,,Kandern,POINT (7.659351139209331 47.711357899526476),928.1455029760735,419.0423862786549,,,,,,,,foot,,car,,,foot,,car,,,foot,,car,,,,,,1,,base,1,1,8537,137.12,9.16,556.0,23.0
46,Kino Kandern,no routes possible to this cinema,,,,,no routes possible to this cinema,,,,,no routes possible to this cinema,,,,,,,Kandern,POINT (7.633046466213061 47.71743311616454),2209.557210858886,2250.841527081526,,,,,,,,foot,,car,,,foot,,car,,,foot,,car,,,,,,1,,base,1,1,8537,137.12,9.16,556.0,23.0
47,Kino Kandern,no routes possible to this cinema,,,,,no routes possible to this cinema,,,,,no routes possible to this cinema,,,,,,,Kandern,POINT (7.67125143428543 47.71200136853882),1566.3230555673997,692.9877579759699,,,,,,,,foot,,car,,,foot,,car,,,foot,,car,,,,,,1,,base,1,1,8537,137.12,9.16,556.0,23.0
48,Kino Kandern,no routes possible to this cinema,,,,,no routes possible to this cinema,,,,,no routes possible to this cinema,,,,,,,Kandern,POINT (7.644894761115302 47.68981062107012),1701.1911682567131,3039.6448805001,,,,,,,,foot,,car,,,foot,,car,,,foot,,car,,,,,,1,,base,1,1,8537,137.12,9.16,556.0,23.0
49,Kino Kandern,no routes possible to this cinema,,,,,no routes possible to this cinema,,,,,no routes possible to this cinema,,,,,,,Kandern,POINT (7.6411775323580216 47.736329002486876),3757.5284070452017,2926.4744215854857,,,,,,,,foot,,car,,,foot,,car,,,foot,,car,,,,,,1,,base,1,1,8537,137.12,9.16,556.0,23.0
50,Kino Kandern,no routes possible to this cinema,,,,,no routes possible to this cinema,,,,,no routes possible to this cinema,,,,,,,Kandern,POINT (7.66992150944913 47.673749379923194),3529.6866120057443,4547.634636687499,,,,,,,,foot,,car,,,foot,,car,,,foot,,car,,,,,,1,,base,1,1,8537,137.12,9.16,556.0,23.0
51,Kino Kandern,no routes possible to this cinema,,,,,no routes possible to this cinema,,,,,no routes possible to this cinema,,,,,,,Kandern,POINT (7.6091326055599655 47.712757238619886),3539.113558383652,4023.023790828211,,,,,,,,foot,,car,,,foot,,car,,,foot,,car,,,,,,1,,base,1,1,8537,137.12,9.16,556.0,23.0
52,Kino Kandern,no routes possible to this cinema,,,,,no routes possible to this cinema,,,,,no routes possible to this cinema,,,,,,,Kandern,POINT (7.60253900746815 47.71368159681454),4042.7977656885023,4514.267476746996,,,,,,,,foot,,car,,,foot,,car,,,foot,,car,,,,,,1,,base,1,1,8537,137.12,9.16,556.0,23.0
53,Kino Kandern,no routes possible to this cinema,,,,,no routes possible to this cinema,,,,,no routes possible to this cinema,,,,,,,Kandern,POINT (7.651607646888446 47.67146795031124),3590.510804166427,4841.093431976196,,,,,,,,foot,,car,,,foot,,car,,,foot,,car,,,,,,1,,base,1,1,8537,137.12,9.16,556.0,23.0
54,Kino Kandern,no routes possible to this cinema,,,,,no routes possible to this cinema,,,,,no routes possible to this cinema,,,,,,,Kandern,POINT (7.643955914894898 47.68944263476594),1768.4058443106794,3107.688829248513,,,,,,,,foot,,car,,,foot,,car,,,foot,,car,,,,,,1,,base,1,1,8537,137.12,9.16,556.0,23.0
55,Kino Kandern,no routes possible to this cinema,,,,,no routes possible to this cinema,,,,,no routes possible to this cinema,,,,,,,Kandern,POINT (7.644977055083271 47.73743582921632),3813.604051360759,2888.046999281528,,,,,,,,foot,,car,,,foot,,car,,,foot,,car,,,,,,1,,base,1,1,8537,137.12,9.16,556.0,23.0
56,Kino Kandern,no routes possible to this cinema,,,,,no routes possible to this cinema,,,,,no routes possible to this cinema,,,,,,,Kandern,POINT (7.651778830591906 47.67137674218896),3599.916844825564,4848.891246206145,,,,,,,,foot,,car,,,foot,,car,,,foot,,car,,,,,,1,,base,1,1,8537,137.12,9.16,556.0,23.0
57,Kino Kandern,no routes possible to this cinema,,,,,no routes possible to this cinema,,,,,no routes possible to this cinema,,,,,,,Kandern,POINT (7.621096915348526 47.70112398371333),2512.678191891842,3451.6911318427806,,,,,,,,foot,,car,,,foot,,car,,,foot,,car,,,,,,1,,base,1,1,8537,137.12,9.16,556.0,23.0
58,Kino Kandern,no routes possible to this cinema,,,,,no routes possible to this cinema,,,,,no routes possible to this cinema,,,,,,,Kandern,POINT (7.6649294999999995 47.7173204),1707.2942874542514,367.7340649817274,,,,,,,,foot,,car,,,foot,,car,,,foot,,car,,,,,,1,,base,1,1,8537,137.12,9.16,556.0,23.0
59,Kino Kandern,no routes possible to this cinema,,,,,no routes possible to this cinema,,,,,no routes possible to this cinema,,,,,,,Kandern,POINT (7.653569523184153 47.683793358081964),2215.3364030152693,3467.351147747392,,,,,,,,foot,,car,,,foot,,car,,,foot,,car,,,,,,1,,base,1,1,8537,137.12,9.16,556.0,23.0
60,Kino Kandern,no routes possible to this cinema,,,,,no routes possible to this cinema,,,,,no routes possible to this cinema,,,,,,,Kandern,POINT (7.635929894363334 47.71768490319729),2079.22147042659,2042.1502867822896,,,,,,,,foot,,car,,,foot,,car,,,foot,,car,,,,,,1,,base,1,1,8537,137.12,9.16,556.0,23.0
61,Kino Kandern,no routes possible to this cinema,,,,,no routes possible to this cinema,,,,,no routes possible to this cinema,,,,,,,Kandern,POINT (7.6610147500000005 47.67158630000001),3606.1095367775006,4757.427045077493,,,,,,,,foot,,car,,,foot,,car,,,foot,,car,,,,,,1,,base,1,1,8537,137.12,9.16,556.0,23.0
62,Kino Kandern,no routes possible to this cinema,,,,,no routes possible to this cinema,,,,,no routes possible to this cinema,,,,,,,Kandern,POINT (7.657405399999999 47.720308349999996),1858.3155434731784,770.4821956551308,,,,,,,,foot,,car,,,foot,,car,,,foot,,car,,,,,,1,,base,1,1,8537,137.12,9.16,556.0,23.0
63,Kino Kandern,no routes possible to this cinema,,,,,no routes possible to this cinema,,,,,no routes possible to this cinema,,,,,,,Kandern,POINT (7.60367057017989 47.71157110611625),3902.202091148125,4439.744607041382,,,,,,,,foot,,car,,,foot,,car,,,foot,,car,,,,,,1,,base,1,1,8537,137.12,9.16,556.0,23.0
64,Kino Kandern,no routes possible to this cinema,,,,,no routes possible to this cinema,,,,,no routes possible to this cinema,,,,,,,Kandern,POINT (7.626826762703294 47.69566700512046),2251.6783733364914,3401.4618139884224,,,,,,,,foot,,car,,,foot,,car,,,foot,,car,,,,,,1,,base,1,1,8537,137.12,9.16,556.0,23.0
65,Kino Kandern,no routes possible to this cinema,,,,,no routes possible to this cinema,,,,,no routes possible to this cinema,,,,,,,Kandern,POINT (7.679072999999999 47.719244599999996),2532.842228414533,1341.8122938669264,,,,,,,,foot,,car,,,foot,,car,,,foot,,car,,,,,,1,,base,1,1,8537,137.12,9.16,556.0,23.0
66,Kino Kandern,no routes possible to this cinema,,,,,no routes possible to this cinema,,,,,no routes possible to this cinema,,,,,,,Kandern,POINT (7.645145198169508 47.69031797604633),1642.1133119073768,2980.7397087982054,,,,,,,,foot,,car,,,foot,,car,,,foot,,car,,,,,,1,,base,1,1,8537,137.12,9.16,556.0,23.0
67,Kino Kandern,no routes possible to this cinema,,,,,no routes possible to this cinema,,,,,no routes possible to this cinema,,,,,,,Kandern,POINT (7.670705475503447 47.71621015499408),1852.4634321492472,633.8304421783434,,,,,,,,foot,,car,,,foot,,car,,,foot,,car,,,,,,1,,base,1,1,8537,137.12,9.16,556.0,23.0
68,Kino Kandern,no routes possible to this cinema,,,,,no routes possible to this cinema,,,,,no routes possible to this cinema,,,,,,,Kandern,POINT (7.62514325 47.695890649999996),2358.8506016063416,3487.5790976060894,,,,,,,,foot,,car,,,foot,,car,,,foot,,car,,,,,,1,,base,1,1,8537,137.12,9.16,556.0,23.0
69,Kino Kandern,no routes possible to this cinema,,,,,no routes possible to this cinema,,,,,no routes possible to this cinema,,,,,,,Kandern,POINT (7.658755124686908 47.715335547688426),1332.8650140449472,315.2436629309275,,,,,,,,foot,,car,,,foot,,car,,,foot,,car,,,,,,1,,base,1,1,8537,137.12,9.16,556.0,23.0
70,Kino Kandern,no routes possible to this cinema,,,,,no routes possible to this cinema,,,,,no routes possible to this cinema,,,,,,,Kandern,POINT (7.64249955 47.73714035),3820.296433852468,2949.9488448118127,,,,,,,,foot,,car,,,foot,,car,,,foot,,car,,,,,,1,,base,1,1,8537,137.12,9.16,556.0,23.0
71,Kino Kandern,no routes possible to this cinema,,,,,no routes possible to this cinema,,,,,no routes possible to this cinema,,,,,,,Kandern,POINT (7.598999399999999 47.7052008),4157.265916189523,4887.029403912185,,,,,,,,foot,,car,,,foot,,car,,,foot,,car,,,,,,1,,base,1,1,8537,137.12,9.16,556.0,23.0
72,Kino Kandern,no routes possible to this cinema,,,,,no routes possible to this cinema,,,,,no routes possible to this cinema,,,,,,,Kandern,POINT (7.669525274118868 47.71228377877107),1483.4975423227147,561.6466058789645,,,,,,,,foot,,car,,,foot,,car,,,foot,,car,,,,,,1,,base,1,1,8537,137.12,9.16,556.0,23.0
73,Kino Kandern,no routes possible to this cinema,,,,,no routes possible to this cinema,,,,,no routes possible to this cinema,,,,,,,Kandern,POINT (7.6689757538502965 47.71231671644112),1454.5298889091025,522.7731590782124,,,,,,,,foot,,car,,,foot,,car,,,foot,,car,,,,,,1,,base,1,1,8537,137.12,9.16,556.0,23.0
74,Kino Kandern,no routes possible to this cinema,,,,,no routes possible to this cinema,,,,,no routes possible to this cinema,,,,,,,Kandern,POINT (7.609489294645172 47.70988856546765),3435.963948207098,4023.348783520307,,,,,,,,foot,,car,,,foot,,car,,,foot,,car,,,,,,1,,base,1,1,8537,137.12,9.16,556.0,23.0
75,Kino Kandern,no routes possible to this cinema,,,,,no routes possible to this cinema,,,,,no routes possible to this cinema,,,,,,,Kandern,POINT (7.667486404167532 47.71718893351036),1792.1421526904503,476.0203330180603,,,,,,,,foot,,car,,,foot,,car,,,foot,,car,,,,,,1,,base,1,1,8537,137.12,9.16,556.0,23.0
76,Kino Kandern,no routes possible to this cinema,,,,,no routes possible to this cinema,,,,,no routes possible to this cinema,,,,,,,Kandern,POINT (7.610325315714689 47.711032010809205),3402.6068741984627,3947.104252541031,,,,,,,,foot,,car,,,foot,,car,,,foot,,car,,,,,,1,,base,1,1,8537,137.12,9.16,556.0,23.0
77,Kino Kandern,no routes possible to this cinema,,,,,no routes possible to this cinema,,,,,no routes possible to this cinema,,,,,,,Kandern,POINT (7.636428423647954 47.71584807299208),1904.955112544712,1978.1234794228687,,,,,,,,foot,,car,,,foot,,car,,,foot,,car,,,,,,1,,base,1,1,8537,137.12,9.16,556.0,23.0
78,Kino Kandern,no routes possible to this cinema,,,,,no routes possible to this cinema,,,,,no routes possible to this cinema,,,,,,,Kandern,POINT (7.642420346954226 47.73688762926393),3794.3824153511664,2928.967433840905,,,,,,,,foot,,car,,,foot,,car,,,foot,,car,,,,,,1,,base,1,1,8537,137.12,9.16,556.0,23.0
79,Kino Kandern,no routes possible to this cinema,,,,,no routes possible to this cinema,,,,,no routes possible to this cinema,,,,,,,Kandern,POINT (7.607083491507881 47.71107835713548),3640.399156681678,4188.831337725888,,,,,,,,foot,,car,,,foot,,car,,,foot,,car,,,,,,1,,base,1,1,8537,137.12,9.16,556.0,23.0
80,Kino Kandern,no routes possible to this cinema,,,,,no routes possible to this cinema,,,,,no routes possible to this cinema,,,,,,,Kandern,POINT (7.666180849999999 47.675418500000006),3268.073589467801,4337.606869696299,,,,,,,,foot,,car,,,foot,,car,,,foot,,car,,,,,,1,,base,1,1,8537,137.12,9.16,556.0,23.0
81,Kino Kandern,no routes possible to this cinema,,,,,no routes possible to this cinema,,,,,no routes possible to this cinema,,,,,,,Kandern,POINT (7.666819200000001 47.713353500000004),1421.5086052252502,328.5594264125103,,,,,,,,foot,,car,,,foot,,car,,,foot,,car,,,,,,1,,base,1,1,8537,137.12,9.16,556.0,23.0
82,Kino Kandern,no routes possible to this cinema,,,,,no routes possible to this cinema,,,,,no routes possible to this cinema,,,,,,,Kandern,POINT (7.5883742728520005 47.69395889061822),5069.126932007736,6021.133071483703,,,,,,,,foot,,car,,,foot,,car,,,foot,,car,,,,,,1,,base,1,1,8537,137.12,9.16,556.0,23.0
83,Kino Kandern,no routes possible to this cinema,,,,,no routes possible to this cinema,,,,,no routes possible to this cinema,,,,,,,Kandern,POINT (7.5833907991576766 47.709873962834884),5368.685553734356,5971.239673858913,,,,,,,,foot,,car,,,foot,,car,,,foot,,car,,,,,,1,,base,1,1,8537,137.12,9.16,556.0,23.0
84,Kino Kandern,no routes possible to this cinema,,,,,no routes possible to this cinema,,,,,no routes possible to this cinema,,,,,,,Kandern,POINT (7.6547905499999995 47.716465299999996),1417.4423067614389,637.8439935337303,,,,,,,,foot,,car,,,foot,,car,,,foot,,car,,,,,,1,,base,1,1,8537,137.12,9.16,556.0,23.0
85,Kino Kandern,no routes possible to this cinema,,,,,no routes possible to this cinema,,,,,no routes possible to this cinema,,,,,,,Kandern,POINT (7.658992548763492 47.71131775282297),913.5004115946228,439.1758515417991,,,,,,,,foot,,car,,,foot,,car,,,foot,,car,,,,,,1,,base,1,1,8537,137.12,9.16,556.0,23.0
86,Kino Kandern,no routes possible to this cinema,,,,,no routes possible to this cinema,,,,,no routes possible to this cinema,,,,,,,Kandern,POINT (7.654207050517624 47.715780363268294),1340.9981147684584,656.591810696218,,,,,,,,foot,,car,,,foot,,car,,,foot,,car,,,,,,1,,base,1,1,8537,137.12,9.16,556.0,23.0
87,Kino Kandern,no routes possible to this cinema,,,,,no routes possible to this cinema,,,,,no routes possible to this cinema,,,,,,,Kandern,POINT (7.654606109241106 47.66894096384889),3865.472925861678,5086.239701677812,,,,,,,,foot,,car,,,foot,,car,,,foot,,car,,,,,,1,,base,1,1,8537,137.12,9.16,556.0,23.0
88,Kino Kandern,no routes possible to this cinema,,,,,no routes possible to this cinema,,,,,no routes possible to this cinema,,,,,,,Kandern,POINT (7.650008404024257 47.66952662470268),3814.3654611546817,5074.962946302836,,,,,,,,foot,,car,,,foot,,car,,,foot,,car,,,,,,1,,base,1,1,8537,137.12,9.16,556.0,23.0
89,Kino Kandern,no routes possible to this cinema,,,,,no routes possible to this cinema,,,,,no routes possible to this cinema,,,,,,,Kandern,POINT (7.660522903198976 47.71433413408871),1267.4322181837388,163.91656898454912,,,,,,,,foot,,car,,,foot,,car,,,foot,,car,,,,,,1,,base,1,1,8537,137.12,9.16,556.0,23.0
90,Kino Kandern,no routes possible to this cinema,,,,,no routes possible to this cinema,,,,,no routes possible to this cinema,,,,,,,Kandern,POINT (7.664890792152872 47.713746685819586),1366.2949037882863,177.91239692958786,,,,,,,,foot,,car,,,foot,,car,,,foot,,car,,,,,,1,,base,1,1,8537,137.12,9.16,556.0,23.0
91,Kino Kandern,no routes possible to this cinema,,,,,no routes possible to this cinema,,,,,no routes possible to this cinema,,,,,,,Kandern,POINT (7.6735651158311615 47.71610614331001),1992.9160147099003,837.0022146840539,,,,,,,,foot,,car,,,foot,,car,,,foot,,car,,,,,,1,,base,1,1,8537,137.12,9.16,556.0,23.0
92,Kino Kandern,no routes possible to this cinema,,,,,no routes possible to this cinema,,,,,no routes possible to this cinema,,,,,,,Kandern,POINT (7.626826762703294 47.69566700512046),2251.6783733364914,3401.4618139884224,,,,,,,,foot,,car,,,foot,,car,,,foot,,car,,,,,,1,,base,1,1,8537,137.12,9.16,556.0,23.0
93,Kino Kandern,no routes possible to this cinema,,,,,no routes possible to this cinema,,,,,no routes possible to this cinema,,,,,,,Kandern,POINT (7.653349923228252 47.669865153599574),3763.4727288234953,4996.6401880648655,,,,,,,,foot,,car,,,foot,,car,,,foot,,car,,,,,,1,,base,1,1,8537,137.12,9.16,556.0,23.0
94,Kino Kandern,no routes possible to this cinema,,,,,no routes possible to this cinema,,,,,no routes possible to this cinema,,,,,,,Kandern,POINT (7.654136800000001 47.68384845),2208.47664003097,3453.168114911259,,,,,,,,foot,,car,,,foot,,car,,,foot,,car,,,,,,1,,base,1,1,8537,137.12,9.16,556.0,23.0
95,Kino Kandern,no routes possible to this cinema,,,,,no routes possible to this cinema,,,,,no routes possible to this cinema,,,,,,,Kandern,POINT (7.610735535505959 47.71246312120644),3414.5303886260604,3904.549874266113,,,,,,,,foot,,car,,,foot,,car,,,foot,,car,,,,,,1,,base,1,1,8537,137.12,9.16,556.0,23.0
96,Kino Kandern,no routes possible to this cinema,,,,,no routes possible to this cinema,,,,,no routes possible to this cinema,,,,,,,Kandern,POINT (7.65419573077435 47.68358168498465),2238.098404822518,3481.491940210893,,,,,,,,foot,,car,,,foot,,car,,,foot,,car,,,,,,1,,base,1,1,8537,137.12,9.16,556.0,23.0
97,Kino Kandern,no routes possible to this cinema,,,,,no routes possible to this cinema,,,,,no routes possible to this cinema,,,,,,,Kandern,POINT (7.641828899206914 47.737451917147155),3865.9088753988176,3005.6070267227938,,,,,,,,foot,,car,,,foot,,car,,,foot,,car,,,,,,1,,base,1,1,8537,137.12,9.16,556.0,23.0
98,Kino Kandern,no routes possible to this cinema,,,,,no routes possible to this cinema,,,,,no routes possible to this cinema,,,,,,,Kandern,POINT (7.610658335758762 47.70928962066696),3337.0869228502333,3945.3406743741793,,,,,,,,foot,,car,,,foot,,car,,,foot,,car,,,,,,1,,base,1,1,8537,137.12,9.16,556.0,23.0
99,Kino Kandern,no routes possible to this cinema,,,,,no routes possible to this cinema,,,,,no routes possible to this cinema,,,,,,,Kandern,POINT (7.6600902500000005 47.7124361),1060.177509876142,291.2433441981966,,,,,,,,foot,,car,,,foot,,car,,,foot,,car,,,,,,1,,base,1,1,8537,137.12,9.16,556.0,23.0
100,Kino Kandern,no routes possible to this cinema,,,,,no routes possible to this cinema,,,,,no routes possible to this cinema,,,,,,,Kandern,POINT (7.650835935275759 47.666199330407245),4178.57036275745,5428.132359396553,,,,,,,,foot,,car,,,foot,,car,,,foot,,car,,,,,,1,,base,1,1,8537,137.12,9.16,556.0,23.0
101,Kino Kandern,no routes possible to this cinema,,,,,no routes possible to this cinema,,,,,no routes possible to this cinema,,,,,,,Kandern,POINT (7.713112312749005 47.70010830185288),4426.315447449408,4100.544154955912,,,,,,,,foot,,car,,,foot,,car,,,foot,,car,,,,,,1,,base,1,1,8537,137.12,9.16,556.0,23.0
102,Kino Kandern,no routes possible to this cinema,,,,,no routes possible to this cinema,,,,,no routes possible to this cinema,,,,,,,Kandern,POINT (7.670946612180597 47.73907203996679),4122.05266903031,2814.246583990459,,,,,,,,foot,,car,,,foot,,car,,,foot,,car,,,,,,1,,base,1,1,8537,137.12,9.16,556.0,23.0
103,Kino Kandern,no routes possible to this cinema,,,,,no routes possible to this cinema,,,,,no routes possible to this cinema,,,,,,,Kandern,POINT (7.582599274609416 47.69545070657369),5462.826876669516,6367.818040851382,,,,,,,,foot,,car,,,foot,,car,,,foot,,car,,,,,,1,,base,1,1,8537,137.12,9.16,556.0,23.0
